{
  "model_performance": {
    "accuracy": 0.9997,
    "auc_score": 0.9999991799988193
  },
  "dataset_info": {
    "total_transactions": 568630,
    "fraud_transactions": 25029,
    "fraud_rate": 50.058,
    "features_count": 30
  },
  "feature_importance": {
    "id": 0.416421109021385,
    "V1": 0.002780670529369487,
    "V2": 0.015022890562110291,
    "V3": 0.024925457818599898,
    "V4": 0.07886386517909291,
    "V5": 0.0035000032490500725,
    "V6": 0.0017436291598436854,
    "V7": 0.0018644892376875222,
    "V8": 0.0027830906178160685,
    "V9": 0.019573957140604874
  },
  "class_distribution": {
    "legitimate": 24971,
    "fraud": 25029
  },
  "confusion_matrix": [
    [
      4993,
      1
    ],
    [
      2,
      5004
    ]
  ],
  "timestamp": "2025-08-01T19:24:09.475288"
}